 {
  "P001": { "name": "T-shirt", "price": 500 },
  "P002": { "name": "Shoes", "price": 1500 },
  "P003": { "name": "Cap", "price": 200 },
  "P004": { "name": "Watch", "price": 2500 },
  "P005": { "name": "Sunglasses", "price": 1200 },
  "P006": { "name": "Backpack", "price": 1800 },
  "P007": { "name": "Wallet", "price": 750 },
  "P008": { "name": "Jeans", "price": 1300 },
  "P009": { "name": "Jacket", "price": 2700 },
  "P010": { "name": "Belt", "price": 400 },
  "P011": { "name": "Socks", "price": 150 },
  "P012": { "name": "Formal Shirt", "price": 1100 },
  "P013": { "name": "Trousers", "price": 1250 },
  "P014": { "name": "Sports Shoes", "price": 2200 },
  "P015": { "name": "Kurti", "price": 900 },
  "P016": { "name": "Scarf", "price": 300 },
  "P017": { "name": "Earrings", "price": 450 },
  "P018": { "name": "Makeup Kit", "price": 1700 },
  "P019": { "name": "Perfume", "price": 1350 },
  "P020": { "name": "Headphones", "price": 3000 }
}